<?xml version="1.0" encoding="utf-8"?>
<modification>
	<code>headerinf</code>
	<name>Header Information</name>
	<version>1.0</version>
	<author>WebDesign Master</author>
	<link>http://webdesign-master.ru</link>
	<file path="catalog/controller/common/header.php">
		<operation>
			<search><![CDATA[
				$data['name'] = $this->config->get('config_name');
			]]></search>
			<add position="after"><![CDATA[
				$data['text_information'] = $this->language->get('text_information');
				$this->load->model('catalog/information');
				$data['informations'] = array();
				foreach ($this->model_catalog_information->getInformations() as $result) {
					if ($result['bottom']) {
						$data['informations'][] = array(
							'title' => $result['title'],
							'href'  => $this->url->link('information/information', 'information_id=' . $result['information_id'])
						);
					}
				}
				$data['contact'] = $this->url->link('information/contact');
			]]></add>
		</operation>
	</file>  
</modification>
